{"ml": {"sadness": 0.105519955424343, "joy": 0.5400512009100726, "love": 0.052046722234639034, "anger": 0.23279760435646593, "fear": 0.05428605882980573, "surprise": 0.015266417934662907}, "dl": {"sadness": 0.09289358614640153, "joy": 0.5874916056817749, "love": 0.04201571289702335, "anger": 0.20542699605755316, "fear": 0.05379540203384968, "surprise": 0.018376693660730387}}